-- phpMyAdmin SQL Dump
-- version 5.2.1
-- https://www.phpmyadmin.net/
--
-- Hôte : 127.0.0.1:3306
-- Généré le : lun. 08 jan. 2024 à 23:03
-- Version du serveur : 8.2.0
-- Version de PHP : 8.2.13

SET SQL_MODE = "NO_AUTO_VALUE_ON_ZERO";
START TRANSACTION;
SET time_zone = "+00:00";


/*!40101 SET @OLD_CHARACTER_SET_CLIENT=@@CHARACTER_SET_CLIENT */;
/*!40101 SET @OLD_CHARACTER_SET_RESULTS=@@CHARACTER_SET_RESULTS */;
/*!40101 SET @OLD_COLLATION_CONNECTION=@@COLLATION_CONNECTION */;
/*!40101 SET NAMES utf8mb4 */;

--
-- Base de données : `pokemondb`
--

-- --------------------------------------------------------

--
-- Structure de la table `attaque`
--

DROP TABLE IF EXISTS `attaque`;
CREATE TABLE IF NOT EXISTS `attaque` (
  `Id_Attaque` int NOT NULL AUTO_INCREMENT,
  `nom_attaque` varchar(20) COLLATE utf8mb4_general_ci NOT NULL,
  `desc_attaque` varchar(255) COLLATE utf8mb4_general_ci NOT NULL,
  PRIMARY KEY (`Id_Attaque`),
  UNIQUE KEY `nom_attaque` (`nom_attaque`),
  KEY `nom_attaque_2` (`nom_attaque`)
) ENGINE=InnoDB AUTO_INCREMENT=166 DEFAULT CHARSET=utf8mb4 COLLATE=utf8mb4_general_ci;

--
-- Déchargement des données de la table `attaque`
--

INSERT INTO `attaque` (`Id_Attaque`, `nom_attaque`, `desc_attaque`) VALUES
(1, 'Riposte', 'Inflige le double des dégâts subis par une attaque de type Normal ou Combat durant le tour, sinon échoue'),
(2, 'Frappe Atlas', 'Inflige des dégâts égaux au niveau du lanceur'),
(3, 'Double Pied', 'Frappe 2 fois'),
(4, 'Balayage', 'Peut apeurer la cible - Taux de Coups Critiques élevé'),
(5, 'Mawashi Geri', 'Peut apeurer la cible'),
(6, 'Pied Sauté', 'Enlève 1 PV si l\attaque échoue'),
(7, 'Sacrifice', 'Blesse le lanceur'),
(8, 'Pied Voltige', 'Enlève 1 PV si l\attaque échoue'),
(9, 'Draco-Rage', 'Inflige toujours 40 PV de dégâts'),
(10, 'Repli', 'Augmente la défense du lanceur'),
(11, 'Écume', 'Peut baisser la vitesse de la cible'),
(12, 'Claquoir', 'Attaque continue sur 2 à 5 tours'),
(13, 'Pistolet à O', 'Dégâts modérés'),
(14, 'Bulles d\O', 'Peut baisser la vitesse de la cible'),
(15, 'Cascade', 'Dégâts élevé'),
(16, 'Pince-Masse', 'Taux de Coups Critiques élevé'),
(17, 'Surf', 'Dégâts élevé'),
(18, 'Hydrocanon', 'Dégâts très élevé'),
(19, 'Cage-Éclair', 'Paralyse la cible'),
(20, 'Éclair', 'Peut paralyser la cible'),
(21, 'Poing-Éclair', 'Peut paralyser la cible'),
(22, 'Tonnerre', 'Peut paralyser la cible'),
(23, 'Fatal-Foudre', 'Peut paralyser la cible'),
(24, 'Danse Flamme', 'Attaque continue sur 2 à 5 tours'),
(25, 'Flammèche', 'Peut brûler la cible'),
(26, 'Poing de Feu', 'Peut brûler la cible'),
(27, 'Lance-Flamme', 'Peut brûler la cible'),
(28, 'Déflagration', 'Peut brûler la cible'),
(29, 'Brume', 'Empêche toute variation de stat provoquée par l\adversaire'),
(30, 'Buée Noire', 'Annule toute variation de stat, la confusion, les effets de Puissance, Vampigraine, Mur Lumière et Protection'),
(31, 'Onde Boréale', 'Peut baisser l\attaque la cible'),
(32, 'Poing-Glace', 'Peut geler la cible'),
(33, 'Laser Glace', 'Peut geler la cible'),
(34, 'Blizzard', 'Peut geler la cible'),
(35, 'Sécrétion', 'Diminue la vitesse de la cible'),
(36, 'Dard Nuée', 'Attaque 2 à 5 fois'),
(37, 'Vampirisme', 'Restaure un nombre de PV au lanceur égal à la moitié des dégâts infligés à la cible'),
(38, 'Double-Dard', 'Attaque 2 fois - Peut empoisoner'),
(39, 'Adaptation', 'Le lanceur devient du même type que l\adversaire'),
(40, 'Affûtage', 'Augmente l\attaque du lanceur'),
(41, 'Armure', 'Augmente la défense du lanceur'),
(42, 'Berceuse', 'Endort la cible'),
(43, 'Boul\Armure', 'Augmente la défense du lanceur'),
(44, 'Brouillard', 'Baisse la précision de la cible'),
(45, 'Clonage', 'Crée un clone qui prend les dommages à la place du lanceur, enlève 25% des PV du lanceur'),
(46, 'Copie', 'Apprend une des attaques de l\adversaire au hasard jusqu\à la fin du combat'),
(47, 'Croissance', 'Augmente le spécial du lanceur'),
(48, 'Cyclone', 'Met fin au combat contre un Pokémon sauvage, échoue contre un dresseur'),
(49, 'Danse-Lames', 'Augmente l\attaque du lanceur de 2 niveaux'),
(50, 'E-Coque', 'Restaure jusqu\à la moitié des PV du lanceur'),
(51, 'Entrave', 'Supprime durant 1 à 8 tour une attaque au hasard de la cible'),
(52, 'Flash', 'Baisse la précision de la cible'),
(53, 'Grincement', 'Baisse la défense de l\adversaire de 2 niveaux'),
(54, 'Grobisou', 'Endort la cible'),
(55, 'Groz\Yeux', 'Baisse la défense de la cible'),
(56, 'Hurlement', 'Met fin au combat contre un Pokémon sauvage, échoue contre un dresseur'),
(57, 'Intimidation', 'Paralyse la cible'),
(58, 'Jet de Sable', 'Baisse la précision de la cible'),
(59, 'Lilliput', 'Augmente l\esquive du lanceur'),
(60, 'Métronome', 'Exécute une attaque prise au hasard dans cette liste'),
(61, 'Mimi-Queue', 'Baisse la défense de la cible'),
(62, 'Morphing', 'Transforme le lanceur en Pokémon adverse'),
(63, 'Puissance', 'Augmente le taux de Coups Critiques du lanceur'),
(64, 'Reflet', 'Augmente l\esquive du lanceur'),
(65, 'Rugissement', 'Baisse l\attaque de la cible'),
(66, 'Soin', 'Restaure jusqu\à la moitié des PV du lanceur'),
(67, 'Trempette', 'Inutile'),
(68, 'Ultrason', 'Rend la cible confuse'),
(69, 'Croc Fatal', 'Enlève 50% des PV restants de la cible'),
(70, 'Patience', 'Immobilise le lanceur 2 ou 3 tours, puis inflige à l\adversaire le double des dégâts subis pendant cette période'),
(71, 'Sonicboom', 'Inflige toujours 20 PV de dégâts'),
(72, 'Empal\Korne', 'Met l\adversaire KO, échoue s\il a une vitesse supérieure à celle du lanceur'),
(73, 'Guillotine', 'Met l\adversaire KO, échoue s\il a une vitesse supérieure à celle du lanceur'),
(74, 'Constriction', 'Peut baisser la vitesse de la cible'),
(75, 'Étreinte', 'Attaque continue sur 2 à 5 tours'),
(76, 'Furie', 'Attaque 2 à 5 fois'),
(77, 'Ligotage', 'Attaque continue sur 2 à 5 tours'),
(78, 'Pilonnage', 'Attaque 2 à 5 fois'),
(79, 'Torgnoles', 'Attaque 2 à 5 fois'),
(80, 'Combo-Griffe', 'Attaque 2 à 5 fois'),
(81, 'Poing Comète', 'Attaque 2 à 5 fois'),
(82, 'Frénésie', 'Attaque sans fin, provoque l\augmentation de l\attaque du lanceur à chaque fois qu\il subit des dégâts'),
(83, 'Picanon', 'Attaque 2 à 5 fois'),
(84, 'Charge', 'Dégâts faible'),
(85, 'Tornade', 'Dégâts faible'),
(86, 'Écras\Face', 'Dégâts faible'),
(87, 'Griffe', 'Dégâts faible'),
(88, 'Jackpot', 'Fait gagner un peu d\argent à la fin des combats'),
(89, 'Vive-Attaque', 'Attaque en premier'),
(90, 'Coupe', 'Dégâts modérés'),
(91, 'Poing Karaté', 'Taux de Coups Critiques élevé'),
(92, 'Lutte', 'Blesse le lanceur'),
(93, 'Force Poigne', 'Dégâts modérés'),
(94, 'Météores', 'N\échoue jamais'),
(95, 'Morsure', 'Peut apeurer la cible'),
(96, 'Écrasement', 'Peut apeurer la cible'),
(97, 'Koud\Korne', 'Dégâts modérés'),
(98, 'Coud\Boule', 'Peut apeurer la cible'),
(99, 'Tranche', 'Taux de Coups Critiques élevé'),
(100, 'Uppercut', 'Dégâts élevé'),
(101, 'Coupe-Vent', 'Attaque en 2 tours, n\agit pas au premier tour'),
(102, 'Croc de Mort', 'Peut apeurer la cible'),
(103, 'Force', 'Dégâts élevé'),
(104, 'Souplesse', 'Dégâts élevé'),
(105, 'Triplattaque', 'Dégâts élevé'),
(106, 'Ultimapoing', 'Dégâts élevé'),
(107, 'Plaquage', 'Peut paralyser la cible'),
(108, 'Bélier', 'Blesse le lanceur'),
(109, 'Mania', 'Attaque continue sur 2 ou 3 tours, le lanceur devient confus par la suite'),
(110, 'Bomb\Œuf', 'Dégâts très élevé'),
(111, 'Coud\Krâne', 'Attaque en 2 tours, n\agit pas au premier tour'),
(112, 'Damoclès', 'Blesse le lanceur'),
(113, 'Ultimawashi', 'Dégâts très élevé'),
(114, 'Destruction', 'Rends KO le lanceur après l\attaque, ne tient compte que de la moitié de la défense adverse, équivaut à une puissance réelle de 260'),
(115, 'Ultralaser', 'Lanceur immobilisé au tour suivant'),
(116, 'Explosion', 'Rends KO le lanceur après l\attaque, ne tient compte que de la moitié de la défense adverse, équivaut à une puissance réelle de 340'),
(117, 'Para-Spore', 'Paralyse la cible'),
(118, 'Poudre Dodo', 'Endort la cible'),
(119, 'Spore', 'Endort la cible'),
(120, 'Vampigraine', 'Draîne à chaque tour des PV de la cible vers le lanceur'),
(121, 'Vol-Vie', 'Restaure un nombre de PV au lanceur égal à la moitié des dégâts infligés à la cible'),
(122, 'Fouet Lianes', 'Dégâts faible'),
(123, 'Méga-Sangsue', 'Restaure un nombre de PV au lanceur égal à la moitié des dégâts infligés à la cible'),
(124, 'Tranch\Herbe', 'Taux de Coups Critiques élevé'),
(125, 'Danse-Fleur', 'Attaque continue sur 2 ou 3 tour, le lanceur devient confus par la suite'),
(126, 'Lance-Soleil', 'Attaque en 2 tours, n\agit pas au premier'),
(127, 'Acidarmure', 'Augmente la défense du lanceur de 2 niveaux'),
(128, 'Gaz Toxik', 'Empoisonne la cible'),
(129, 'Poudre Toxik', 'Empoisonne la cible'),
(130, 'Toxik', 'Empoisonne gravement la cible'),
(131, 'Dard-Venin', 'Peut empoisonner la cible'),
(132, 'Purédpois', 'Peut empoisonner la cible'),
(133, 'Acide', 'Peut baisser la défense de la cible'),
(134, 'Détritus', 'Peut empoisonner la cible'),
(135, 'Amnésie', 'Augmente l\attaque spécial du lanceur de 2 niveaux'),
(136, 'Bouclier', 'Augmente la défense du lanceur de 2 niveaux'),
(137, 'Hâte', 'Augmente la vitesse du lanceur de 2 niveaux'),
(138, 'Hypnose', 'Endort la cible'),
(139, 'Mur Lumière', 'Augmente la résistance du lanceur aux attaques spéciales'),
(140, 'Protection', 'Augmente la résistance du lanceur aux attaques physiques'),
(141, 'Repos', 'Restaure tous les PV du lanceur ainsi que son statut, le lanceur est immobilisé pendant 2 tours'),
(142, 'Télékinésie', 'Baisse la précision de la cible'),
(143, 'Téléport', 'Met fin au combat contre un Pokémon sauvage, échoue contre un dresseur'),
(144, 'Yoga', 'Augmente l\attaque du lanceur'),
(145, 'Vague Psy', 'Inflige des dégâts variables'),
(146, 'Choc Mental', 'Peut rendre la cible confuse'),
(147, 'Rafale Psy', 'Peut rendre la cible confuse'),
(148, 'Psyko', 'Peut baisser le spécial de la cible'),
(149, 'Dévorêve', 'Restaure un nombre de PV au lanceur égal à la moitié des dégâts infligés à la cible, ne fonctionne que si la cible est endormie'),
(150, 'Jet-Pierres', 'Dégâts modéré'),
(151, 'Éboulement', 'Peut apeurer la cible'),
(152, 'Abîme', 'Met l\adversaire KO, échoue s\il a une vitesse supérieure à celle du lanceur'),
(153, 'Osmerang', 'Attaque 2 fois'),
(154, 'Massd\Os', 'Peut apeurer la cible'),
(155, 'Séisme', 'Dégâts élevé'),
(156, 'Tunnel', 'Attaque en 2 tours, le lanceur ne peut être atteint que par Météores et Patience au premier tour'),
(157, 'Onde Folie', 'Rend la cible confuse'),
(158, 'Ténèbres', 'Inflige des dégâts égaux au niveau du lanceur'),
(159, 'Léchouille', 'Peut paralyser la cible'),
(160, 'Mimique', 'Le lanceur utilise la dernière attaque lancée par l\adversaire'),
(161, 'Cru-Aile', 'Dégâts faible'),
(162, 'Picpic', 'Dégâts faible'),
(163, 'Vol', 'Attaque en 2 tours, le lanceur ne peut être atteintque par Météores et Patience au premier tour'),
(164, 'Bec Vrille', 'Dégâts élevé'),
(165, 'Piqué', 'Attaque en 2 tours, n\agit pas au premier');

-- --------------------------------------------------------

--
-- Structure de la table `attaque_type`
--

DROP TABLE IF EXISTS `attaque_type`;
CREATE TABLE IF NOT EXISTS `attaque_type` (
  `Id_Type` int NOT NULL,
  `Id_Attaque` int NOT NULL,
  PRIMARY KEY (`Id_Type`,`Id_Attaque`),
  KEY `Id_Attaque` (`Id_Attaque`)
) ENGINE=InnoDB DEFAULT CHARSET=utf8mb4 COLLATE=utf8mb4_general_ci;

--
-- Déchargement des données de la table `attaque_type`
--

INSERT INTO `attaque_type` (`Id_Type`, `Id_Attaque`) VALUES
(2, 1),
(2, 2),
(2, 3),
(2, 4),
(2, 5),
(2, 6),
(2, 7),
(2, 8),
(3, 9),
(4, 10),
(4, 11),
(4, 12),
(4, 13),
(4, 14),
(4, 15),
(4, 16),
(4, 17),
(4, 18),
(5, 19),
(5, 20),
(5, 21),
(5, 22),
(5, 23),
(6, 24),
(6, 25),
(6, 26),
(6, 27),
(6, 28),
(7, 29),
(7, 30),
(7, 31),
(7, 32),
(7, 33),
(7, 34),
(8, 35),
(8, 36),
(8, 37),
(8, 38),
(1, 39),
(1, 40),
(1, 41),
(1, 42),
(1, 43),
(1, 44),
(1, 45),
(1, 46),
(1, 47),
(1, 48),
(1, 49),
(1, 50),
(1, 51),
(1, 52),
(1, 53),
(1, 54),
(1, 55),
(1, 56),
(1, 57),
(1, 58),
(1, 59),
(1, 60),
(1, 61),
(1, 62),
(1, 63),
(1, 64),
(1, 65),
(1, 66),
(1, 67),
(1, 68),
(1, 69),
(1, 70),
(1, 71),
(1, 72),
(1, 73),
(1, 74),
(1, 75),
(1, 76),
(1, 77),
(1, 78),
(1, 79),
(1, 80),
(1, 81),
(1, 82),
(1, 83),
(1, 84),
(1, 85),
(1, 86),
(1, 87),
(1, 88),
(1, 89),
(1, 90),
(1, 91),
(1, 92),
(1, 93),
(1, 94),
(1, 95),
(1, 96),
(1, 97),
(1, 98),
(1, 99),
(1, 100),
(1, 101),
(1, 102),
(1, 103),
(1, 104),
(1, 105),
(1, 106),
(1, 107),
(1, 108),
(1, 109),
(1, 110),
(1, 111),
(1, 112),
(1, 113),
(1, 114),
(1, 115),
(1, 116),
(9, 117),
(9, 118),
(9, 119),
(9, 120),
(9, 121),
(9, 122),
(9, 123),
(9, 124),
(9, 125),
(9, 126),
(10, 127),
(10, 128),
(10, 129),
(10, 130),
(10, 131),
(10, 132),
(10, 133),
(10, 134),
(11, 135),
(11, 136),
(11, 137),
(11, 138),
(11, 139),
(11, 140),
(11, 141),
(11, 142),
(11, 143),
(11, 144),
(11, 145),
(11, 146),
(11, 147),
(11, 148),
(11, 149),
(12, 150),
(12, 151),
(13, 152),
(13, 153),
(13, 154),
(13, 155),
(13, 156),
(14, 157),
(14, 158),
(14, 159),
(15, 160),
(15, 161),
(15, 162),
(15, 163),
(15, 164),
(15, 165);

-- --------------------------------------------------------

--
-- Structure de la table `dresseur`
--

DROP TABLE IF EXISTS `dresseur`;
CREATE TABLE IF NOT EXISTS `dresseur` (
  `Id_Dresseur` int NOT NULL AUTO_INCREMENT,
  `nom_dresseur` varchar(20) COLLATE utf8mb4_general_ci NOT NULL,
  `Id_Lieu` int NOT NULL,
  PRIMARY KEY (`Id_Dresseur`),
  KEY `Id_Ville` (`Id_Lieu`)
) ENGINE=InnoDB AUTO_INCREMENT=339 DEFAULT CHARSET=utf8mb4 COLLATE=utf8mb4_general_ci;

--
-- Déchargement des données de la table `dresseur`
--

INSERT INTO `dresseur` (`Id_Dresseur`, `nom_dresseur`, `Id_Lieu`) VALUES
(1, 'Rival 1', 1),
(2, 'Rival 2', 4),
(3, 'Fillette 1', 6),
(4, 'Scout 1', 6),
(5, 'Scout 2', 6),
(6, 'Scout 3', 6),
(7, 'Scout 4', 6),
(8, 'Dresseur Jr 1', 7),
(9, 'Pierre', 7),
(10, 'Fillette 2', 8),
(11, 'Scout 3', 8),
(12, 'Gamin 1', 8),
(13, 'Scout 4', 8),
(14, 'Fillette 3', 8),
(15, 'Gamin 2', 8),
(16, 'Scout 5', 8),
(17, 'Fillette 4', 8),
(18, 'Scout 6', 9),
(19, 'Fillette 5', 9),
(20, 'Intello 1', 9),
(21, 'Scout 7', 9),
(22, 'Rocket 1', 9),
(23, 'Fillette 6', 9),
(24, 'Rocket 2', 9),
(25, 'Gamin 3', 9),
(26, 'Montagnard 1', 9),
(27, 'Rocket 3', 9),
(28, 'Intello 2', 9),
(29, 'Team Rocket 1', 9),
(30, 'Rival 3', 11),
(31, 'Scout 8', 13),
(32, 'Fillette 7', 13),
(33, 'Gamin 4', 13),
(34, 'Fillette 8', 13),
(35, 'Dresseur Jr 2', 13),
(36, 'Rocket 4', 13),
(37, 'Dresseur Jr 3', 13),
(38, 'Montagnard 2', 14),
(39, 'Montagnard 3', 14),
(40, 'Gamin 5', 14),
(41, 'Gamin 6', 14),
(42, 'Fillette 9', 14),
(43, 'Montagnard 4', 14),
(44, 'Dresseur Jr 4', 14),
(45, 'Gamin 7', 14),
(46, 'Fillette 10', 14),
(47, 'Nageur 1', 11),
(48, 'Dresseuse Jr 1', 11),
(49, 'Ondine', 11),
(50, 'Rocket 5', 11),
(51, 'Scout 9', 18),
(52, 'Dresseur Jr 5', 18),
(53, 'Dresseuse Jr 2', 18),
(54, 'Scout 10', 18),
(55, 'Dresseuse Jr 3', 18),
(56, 'Dresseur Jr 6', 18),
(57, 'Gentleman 1', 20),
(58, 'Gentleman 2', 20),
(59, 'Fillette 11', 20),
(60, 'Gamin 8', 20),
(61, 'Marin 1', 20),
(62, 'Marin 2', 20),
(63, 'Marin 3', 20),
(64, 'Marin 4', 20),
(65, 'Pêcheur 1', 20),
(66, 'Marin 5', 20),
(67, 'Pêcheur 2', 20),
(68, 'Gentleman 3', 20),
(69, 'Gentleman 4', 20),
(70, 'Fillette 12', 20),
(71, 'Marin 6', 20),
(72, 'Marin 7', 20),
(73, 'Rival 4', 20),
(74, 'Gamin 9', 21),
(75, 'Gamin 10', 21),
(76, 'Gamin 11', 21),
(77, 'Croupier 1', 21),
(78, 'Croupier 2', 21),
(79, 'Gamin 12', 21),
(80, 'Croupier 3', 21),
(81, 'Mécano 1', 21),
(82, 'Mécano 2', 21),
(83, 'Croupier 4', 21),
(84, 'Marin 8', 19),
(85, 'Rocker 1', 19),
(86, 'Gentleman 5', 19),
(87, 'Major Bob', 19),
(88, 'Dresseuse Jr 4', 23),
(89, 'Montagnard 5', 23),
(90, 'Gamin 13', 23),
(91, 'Scout 11', 23),
(92, 'Montagnard 6', 23),
(93, 'Scout 12', 23),
(94, 'Dresseur Jr 7', 23),
(95, 'Montagnard 7', 23),
(96, 'Dresseuse Jr 5', 23),
(97, 'Dresseuse Jr 6', 24),
(98, 'Pokémaniac 1', 25),
(99, 'Pokémaniac 2', 25),
(100, 'Dresseuse Jr 7', 25),
(101, 'Pokémaniac 3', 25),
(102, 'Montagnard 8', 25),
(103, 'Montagnard 9', 25),
(104, 'Montagnard 10', 25),
(105, 'Montagnard 11', 25),
(106, 'Montagnard 12', 25),
(107, 'Dresseuse Jr 8', 25),
(108, 'Montagnard 13', 25),
(109, 'Pokémaniac 4', 25),
(110, 'Dresseuse Jr 9', 25),
(111, 'Dresseuse Jr 10', 25),
(112, 'Dresseuse Jr 11', 25),
(113, 'Dresseuse Jr 12', 24),
(114, 'Montagnard 14', 24),
(115, 'Montagnard 15', 24),
(116, 'Pokémaniac 5', 24),
(117, 'Fillette 13', 27),
(118, 'Croupier 5', 27),
(119, 'Intello 3', 27),
(120, 'Fillette 14', 27),
(121, 'Intello 4', 27),
(122, 'Fillette 15', 27),
(123, 'Fillette 16', 27),
(124, 'Croupier 6', 27),
(125, 'Intello 5', 27),
(126, 'Rocket 6', 30),
(127, 'Rocket 7', 31),
(128, 'Rocket 8', 31),
(129, 'Rocket 9', 31),
(130, 'Rocket 10', 31),
(131, 'Rocket 11', 31),
(132, 'Rocket 12', 31),
(133, 'Rocket 13', 31),
(134, 'Rocket 14', 31),
(135, 'Team Rocket 2', 31),
(136, 'Giovanni 1', 31),
(137, 'Rocket 15', 31),
(138, 'Fillette 17', 30),
(139, 'Canon 1', 30),
(140, 'Dresseuse Jr 13', 30),
(141, 'Canon 2', 30),
(142, 'Canon 3', 30),
(143, 'Topdresseuse 1', 30),
(144, 'Fillette 18', 30),
(145, 'Érika', 30),
(146, 'Rival 5', 33),
(147, 'Exorciste 1', 33),
(148, 'Exorciste 2', 33),
(149, 'Exorciste 3', 33),
(150, 'Exorciste 4', 33),
(151, 'Exorciste 5', 33),
(152, 'Exorciste 6', 33),
(153, 'Exorciste 7', 33),
(154, 'Exorciste 8', 33),
(155, 'Exorciste 9', 33),
(156, 'Exorciste 10', 33),
(157, 'Exorciste 11', 33),
(158, 'Exorciste 12', 33),
(159, 'Exorciste 13', 33),
(160, 'Team Rocket 3', 33),
(161, 'Pêcheur 3', 34),
(162, 'Pêcheur 4', 34),
(163, 'Pêcheur 5', 34),
(164, 'Pêcheur 6', 34),
(165, 'Rocker 2', 19),
(166, 'Pêcheur 7', 19),
(167, 'Dresseur Jr 8', 19),
(168, 'Dresseuse Jr 14', 35),
(169, 'Ornithologue 1', 35),
(170, 'Dresseuse Jr 15', 35),
(171, 'Canon 4', 35),
(172, 'Canon 5', 35),
(173, 'Dresseuse Jr 16', 35),
(174, 'Dresseuse Jr 17', 35),
(175, 'Ornithologue 2', 35),
(176, 'Motard 1', 35),
(177, 'Ornithologue 3', 35),
(178, 'Ornithologue 4', 36),
(179, 'Ornithologue 5', 36),
(180, 'Ornithologue 6', 36),
(181, 'Ornithologue 7', 36),
(182, 'Motard 2', 36),
(183, 'Ornithologue 8', 36),
(184, 'Ornithologue 9', 36),
(185, 'Motard 3', 36),
(186, 'Motard 4', 36),
(187, 'Motard 5', 36),
(188, 'Dresseuse Jr 18', 37),
(189, 'Dresseuse Jr 19', 37),
(190, 'Canon 6', 37),
(191, 'Motard 6', 37),
(192, 'Motard 7', 37),
(193, 'Canon 7', 37),
(194, 'Dresseuse Jr 20', 37),
(195, 'Ornithologue 10', 37),
(196, 'Ornithologue 11', 37),
(197, 'Dresseuse Jr 21', 37),
(198, 'Jongleur 1', 38),
(199, 'Jongleur 2', 38),
(200, 'Jongleur 3', 38),
(201, 'Dompteur 1', 38),
(202, 'Dompteur 2', 38),
(203, 'Jongleur 4', 38),
(204, 'Koga', 38),
(205, 'Ornithologue 12', 40),
(206, 'Ornithologue 13', 40),
(207, 'Ornithologue 14', 40),
(208, 'Motard 8', 41),
(209, 'Loubard 1', 41),
(210, 'Loubard 2', 41),
(211, 'Motard 9', 41),
(212, 'Motard 10', 41),
(213, 'Loubard 3', 41),
(214, 'Motard 11', 41),
(215, 'Loubard 4', 41),
(216, 'Motard 12', 41),
(217, 'Loubard 5', 41),
(218, 'Motard 13', 32),
(219, 'Loubard 6', 32),
(220, 'Motard 14', 32),
(221, 'Loubard 7', 32),
(222, 'Motard 15', 32),
(223, 'Loubard 8', 32),
(224, 'Karatéka 1', 42),
(225, 'Karatéka 2', 42),
(226, 'Karatéka 3', 42),
(227, 'Karatéka 4', 42),
(228, 'Karatéka 5', 42),
(229, 'Scientifique 1', 43),
(230, 'Rocket 16', 43),
(231, 'Rocket 17', 43),
(232, 'Jongleur 5', 43),
(233, 'Rocket 18', 43),
(234, 'Rocket 19', 43),
(235, 'Scientifique 2', 43),
(236, 'Scientifique 3', 43),
(237, 'Rocket 20', 43),
(238, 'Scientifique 4', 43),
(239, 'Rocket 21', 43),
(240, 'Rocket 22', 43),
(241, 'Scientifique 5', 43),
(242, 'Rocket 23', 43),
(243, 'Rocket 24', 43),
(244, 'Scientifique 6', 43),
(245, 'Rocket 25', 43),
(246, 'Rocket 26', 43),
(247, 'Rocket 27', 43),
(248, 'Scientifique 7', 43),
(249, 'Rocket 28', 43),
(250, 'Rocket 29', 43),
(251, 'Scientifique 8', 43),
(252, 'Scientifique 9', 43),
(253, 'Rocket 30', 43),
(254, 'Rocket 31', 43),
(255, 'Scientifique 10', 43),
(256, 'Rocket 32', 43),
(257, 'Rocket 33', 43),
(258, 'Rival 6', 43),
(259, 'Team Rocket 4', 43),
(260, 'Giovanni 2', 43),
(261, 'Kinésiste 1', 42),
(262, 'Kinésiste 2', 42),
(263, 'Exorciste 14', 42),
(264, 'Kinésiste 3', 42),
(265, 'Exorciste 15', 42),
(266, 'Exorciste 16', 42),
(267, 'Kinésiste 4', 42),
(268, 'Morgane', 42),
(269, 'Nageur 2', 44),
(270, 'Nageur 3', 44),
(271, 'Nageur 4', 44),
(272, 'Nageur 5', 44),
(273, 'Nageur 6', 44),
(274, 'Nageur 7', 44),
(275, 'Nageur 8', 44),
(276, 'Canon 8', 44),
(277, 'Canon 9', 44),
(278, 'Canon 10', 44),
(279, 'Nageur 9', 45),
(280, 'Nageur 10', 45),
(281, 'Canon 11', 45),
(282, 'Canon 12', 45),
(283, 'Dresseuse Jr 22', 45),
(284, 'Nageur 11', 45),
(285, 'Ornithologue 15', 45),
(286, 'Canon 13', 45),
(287, 'Dresseuse Jr 23', 45),
(288, 'Canon 14', 45),
(289, 'Pillard 1', 48),
(290, 'Pillard 2', 48),
(291, 'Scientifique 11', 48),
(292, 'Scientifique 12', 48),
(293, 'Pillard 3', 48),
(294, 'Scientifique 13', 48),
(295, 'Pillard 4', 47),
(296, 'Intello 6', 47),
(297, 'Intello 7', 47),
(298, 'Pillard 5', 47),
(299, 'Intello 8', 47),
(300, 'Pillard 6', 47),
(301, 'Intello 9', 47),
(302, 'Auguste', 47),
(303, 'Nageur 12', 49),
(304, 'Nageur 13', 49),
(305, 'Nageur 14', 49),
(306, 'Pêcheur 8', 49),
(307, 'Pêcheur 9', 49),
(308, 'Nageur 15', 49),
(309, 'Loubard 9', 49),
(310, 'Pêcheur 10', 49),
(311, 'Pêcheur 11', 49),
(312, 'Pokémaniac 6', 50),
(313, 'Dompteur 3', 3),
(314, 'Karatéka 6', 3),
(315, 'Topdresseur 1', 3),
(316, 'Topdresseur 2', 3),
(317, 'Karatéka 7', 3),
(318, 'Topdresseur 3', 3),
(319, 'Karatéka 8', 3),
(320, 'Dompteur 4', 3),
(321, 'Giovanni 3', 3),
(322, 'Rival 7', 4),
(323, 'Topdresseuse 2', 52),
(324, 'Topdresseur 4', 52),
(325, 'Karatéka 9', 52),
(326, 'Jongleur 6', 52),
(327, 'Dompteur 5', 52),
(328, 'Jongleur 7', 52),
(329, 'Pokémaniac 7', 52),
(330, 'Topdresseur 5', 52),
(331, 'Topdresseuse 3', 52),
(332, 'Topdresseur 6', 52),
(333, 'Topdresseuse 4', 52),
(334, 'Olga', 53),
(335, 'Aldo', 53),
(336, 'Agatha', 53),
(337, 'Peter', 53),
(338, 'Rival 8', 53);

-- --------------------------------------------------------

--
-- Structure de la table `espece`
--

DROP TABLE IF EXISTS `espece`;
CREATE TABLE IF NOT EXISTS `espece` (
  `Id_Espece` int NOT NULL AUTO_INCREMENT,
  `nom_espece` varchar(20) COLLATE utf8mb4_general_ci NOT NULL,
  `desc_espece` text COLLATE utf8mb4_general_ci NOT NULL,
  `illu_espece` varchar(255) COLLATE utf8mb4_general_ci NOT NULL,
  `taille_espece` decimal(5,2) NOT NULL,
  `poids_espece` decimal(5,2) NOT NULL,
  PRIMARY KEY (`Id_Espece`),
  UNIQUE KEY `nom_espece` (`nom_espece`)
) ENGINE=InnoDB AUTO_INCREMENT=152 DEFAULT CHARSET=utf8mb4 COLLATE=utf8mb4_general_ci;

--
-- Déchargement des données de la table `espece`
--

INSERT INTO `espece` (`Id_Espece`, `nom_espece`, `desc_espece`, `illu_espece`, `taille_espece`, `poids_espece`) VALUES
(1, 'Bulbizarre', 'Un petit Pokémon de type Plante avec une graine sur le dos. Il évolue en Herbizarre.', 'http://serebii.net/xy/pokemon/001.png', 0.70, 6.90),
(2, 'Herbizarre', 'Évolution de Bulbizarre. Herbizarre est plus grand et sa graine a grandi.', 'http://serebii.net/xy/pokemon/002.png', 1.00, 13.00),
(3, 'Florizarre', 'Forme finale de l\évolution de Bulbizarre. Florizarre a une grande fleur sur le dos.', 'http://serebii.net/xy/pokemon/003.png', 2.00, 100.00),
(4, 'Salamèche', 'Un petit dragon de type Feu avec une flamme sur la queue. Il évolue en Reptincel.', 'http://serebii.net/xy/pokemon/004.png', 0.60, 8.50),
(5, 'Reptincel', 'Évolution de Salamèche. Reptincel a une queue plus longue et évolue en Dracaufeu.', 'http://serebii.net/xy/pokemon/005.png', 1.10, 19.00),
(6, 'Dracaufeu', 'Forme finale de l\évolution de Salamèche. Dracaufeu est un puissant dragon de type Feu et Vol.', 'http://serebii.net/xy/pokemon/006.png', 1.70, 90.50),
(7, 'Carapuce', 'Un petit Pokémon de type Eau avec une carapace. Il évolue en Carabaffe.', 'http://serebii.net/xy/pokemon/007.png', 0.50, 9.00),
(8, 'Carabaffe', 'Évolution de Carapuce. Carabaffe est un Pokémon de type Eau avec une carapace plus grande.', 'http://serebii.net/xy/pokemon/008.png', 1.00, 22.50),
(9, 'Tortank', 'Forme finale de l\évolution de Carapuce. Tortank est un Pokémon de type Eau avec une carapace massive et des canons d\eau sur le dos.', 'http://serebii.net/xy/pokemon/009.png', 1.60, 85.50),
(10, 'Chenipan', 'Pokémon Insecte', 'http://serebii.net/xy/pokemon/010.png', 0.30, 2.90),
(11, 'Chrysacier', 'Évolution de Chenipan, Pokémon Insecte', 'http://serebii.net/xy/pokemon/011.png', 0.70, 9.90),
(12, 'Papilusion', 'Forme finale de l\évolution de Chenipan, Pokémon Insecte et Vol', 'http://serebii.net/xy/pokemon/012.png', 1.10, 32.00),
(13, 'Aspicot', 'Pokémon Insecte et Poison', 'http://serebii.net/xy/pokemon/013.png', 0.30, 3.20),
(14, 'Coconfort', 'Évolution de Aspicot, Pokémon Insecte et Poison', 'http://serebii.net/xy/pokemon/014.png', 0.70, 10.00),
(15, 'Dardargnan', 'Forme finale de l\évolution de Aspicot, Pokémon Insecte et Poison', 'http://serebii.net/xy/pokemon/015.png', 1.50, 29.50),
(16, 'Roucool', 'Pokémon Normal et Vol', 'http://serebii.net/xy/pokemon/016.png', 0.30, 1.80),
(17, 'Roucoups', 'Évolution de Roucool, Pokémon Normal et Vol', 'http://serebii.net/xy/pokemon/017.png', 1.10, 30.00),
(18, 'Roucarnage', 'Forme finale de l\évolution de Roucool, Pokémon Normal et Vol', 'http://serebii.net/xy/pokemon/018.png', 1.50, 39.50),
(19, 'Rattata', 'Pokémon Normal', 'http://serebii.net/xy/pokemon/019.png', 0.30, 3.50),
(20, 'Rattatac', 'Évolution de Rattata, Pokémon Normal', 'http://serebii.net/xy/pokemon/020.png', 0.70, 18.50),
(21, 'Piafabec', 'Pokémon Normal et Vol', 'http://serebii.net/xy/pokemon/021.png', 0.30, 2.00),
(22, 'Rapasdepic', 'Évolution de Piafabec, Pokémon Normal et Vol', 'http://serebii.net/xy/pokemon/022.png', 1.20, 38.00),
(23, 'Abo', 'Pokémon Poison', 'http://serebii.net/xy/pokemon/023.png', 2.00, 6.90),
(24, 'Arbok', 'Évolution de Abo, Pokémon Poison', 'http://serebii.net/xy/pokemon/024.png', 3.50, 65.00),
(25, 'Pikachu', 'Pokémon Électrique', 'http://serebii.net/xy/pokemon/025.png', 0.40, 6.00),
(26, 'Raichu', 'Évolution de Pikachu, Pokémon Électrique', 'http://serebii.net/xy/pokemon/026.png', 0.80, 30.00),
(27, 'Sabelette', 'Pokémon Sol', 'http://serebii.net/xy/pokemon/027.png', 0.60, 8.50),
(28, 'Sablaireau', 'Évolution de Sabelette, Pokémon Sol', 'http://serebii.net/xy/pokemon/028.png', 1.00, 29.50),
(29, 'Nidoran ♀', 'Pokémon Poison', 'http://serebii.net/xy/pokemon/029.png', 0.40, 7.00),
(30, 'Nidorina', 'Évolution de Nidoran ♀, Pokémon Poison', 'http://serebii.net/xy/pokemon/030.png', 0.80, 20.00),
(31, 'Nidoqueen', 'Forme finale de l\évolution de Nidoran ♀, Pokémon Poison et Sol', 'http://serebii.net/xy/pokemon/031.png', 1.30, 60.00),
(32, 'Nidoran ♂', 'Pokémon Poison', 'http://serebii.net/xy/pokemon/032.png', 0.50, 9.00),
(33, 'Nidorino', 'Évolution de Nidoran ♂, Pokémon Poison', 'http://serebii.net/xy/pokemon/033.png', 0.90, 19.50),
(34, 'Nidoking', 'Forme finale de l\évolution de Nidoran ♂, Pokémon Poison et Sol', 'http://serebii.net/xy/pokemon/034.png', 1.40, 62.00),
(35, 'Mélofée', 'Pokémon Fée', 'http://serebii.net/xy/pokemon/035.png', 0.60, 7.50),
(36, 'Mélodelfe', 'Évolution de Mélofée, Pokémon Fée', 'http://serebii.net/xy/pokemon/036.png', 1.30, 40.00),
(37, 'Goupix', 'Pokémon Feu', 'http://serebii.net/xy/pokemon/037.png', 0.60, 9.90),
(38, 'Feunard', 'Évolution de Goupix, Pokémon Feu', 'http://serebii.net/xy/pokemon/038.png', 1.10, 19.90),
(39, 'Rondoudou', 'Pokémon Normal et Fée', 'http://serebii.net/xy/pokemon/039.png', 0.30, 1.00),
(40, 'Grodoudou', 'Évolution de Rondoudou, Pokémon Normal et Fée', 'http://serebii.net/xy/pokemon/040.png', 0.60, 12.00),
(41, 'Nosferapti', 'Pokémon Poison et Vol', 'http://serebii.net/xy/pokemon/041.png', 1.00, 7.50),
(42, 'Nosferalto', 'Évolution de Nosferapti, Pokémon Poison et Vol', 'http://serebii.net/xy/pokemon/042.png', 1.60, 55.00),
(43, 'Mystherbe', 'Pokémon Plante et Poison', 'http://serebii.net/xy/pokemon/043.png', 0.50, 5.40),
(44, 'Ortide', 'Évolution de Mystherbe, Pokémon Plante et Poison', 'http://serebii.net/xy/pokemon/044.png', 0.80, 8.60),
(45, 'Rafflesia', 'Forme finale de l\évolution de Mystherbe, Pokémon Plante et Poison', 'http://serebii.net/xy/pokemon/045.png', 1.70, 18.60),
(46, 'Paras', 'Pokémon Insecte et Plante', 'http://serebii.net/xy/pokemon/046.png', 0.30, 5.40),
(47, 'Parasect', 'Évolution de Paras, Pokémon Insecte et Plante', 'http://serebii.net/xy/pokemon/047.png', 1.00, 29.50),
(48, 'Mimitoss', 'Pokémon Insecte et Poison', 'http://serebii.net/xy/pokemon/048.png', 0.30, 2.50),
(49, 'Aéromite', 'Évolution de Mimitoss, Pokémon Insecte et Poison', 'http://serebii.net/xy/pokemon/049.png', 1.00, 12.00),
(50, 'Taupiqueur', 'Pokémon Sol', 'http://serebii.net/xy/pokemon/050.png', 0.20, 0.80),
(51, 'Triopikeur', 'Évolution de Taupiqueur, Pokémon Sol', 'http://serebii.net/xy/pokemon/051.png', 0.70, 40.00),
(52, 'Miaouss', 'Pokémon Normal', 'http://serebii.net/xy/pokemon/052.png', 0.40, 4.20),
(53, 'Persian', 'Évolution de Miaouss, Pokémon Normal', 'http://serebii.net/xy/pokemon/053.png', 1.00, 32.00),
(54, 'Psykokwak', 'Pokémon Eau', 'http://serebii.net/xy/pokemon/054.png', 0.80, 19.60),
(55, 'Akwakwak', 'Évolution de Psykokwak, Pokémon Eau', 'http://serebii.net/xy/pokemon/055.png', 1.70, 76.60),
(56, 'Férosinge', 'Pokémon Combat', 'http://serebii.net/xy/pokemon/056.png', 0.50, 28.00),
(57, 'Colossinge', 'Évolution de Férosinge, Pokémon Combat', 'http://serebii.net/xy/pokemon/057.png', 1.00, 32.00),
(58, 'Caninos', 'Pokémon Feu', 'http://serebii.net/xy/pokemon/058.png', 0.70, 19.00),
(59, 'Arcanin', 'Évolution de Caninos, Pokémon Feu', 'http://serebii.net/xy/pokemon/059.png', 1.90, 155.00),
(60, 'Ptitard', 'Pokémon Eau', 'http://serebii.net/xy/pokemon/060.png', 0.60, 12.40),
(61, 'Têtarte', 'Évolution de Ptitard, Pokémon Eau', 'http://serebii.net/xy/pokemon/061.png', 1.00, 20.00),
(62, 'Tartard', 'Forme finale de l\évolution de Ptitard, Pokémon Eau', 'http://serebii.net/xy/pokemon/062.png', 1.30, 85.00),
(63, 'Abra', 'Pokémon Psychique', 'http://serebii.net/xy/pokemon/063.png', 0.90, 19.50),
(64, 'Kadabra', 'Évolution de Abra, Pokémon Psychique', 'http://serebii.net/xy/pokemon/064.png', 1.30, 56.50),
(65, 'Alakazam', 'Forme finale de l\évolution de Abra, Pokémon Psychique', 'http://serebii.net/xy/pokemon/065.png', 1.50, 48.00),
(66, 'Machoc', 'Pokémon Combat', 'http://serebii.net/xy/pokemon/066.png', 0.80, 19.50),
(67, 'Machopeur', 'Évolution de Machoc, Pokémon Combat', 'http://serebii.net/xy/pokemon/067.png', 1.50, 70.50),
(68, 'Mackogneur', 'Forme finale de l\évolution de Machoc, Pokémon Combat', 'http://serebii.net/xy/pokemon/068.png', 1.60, 130.00),
(69, 'Chétiflor', 'Pokémon Plante et Poison', 'http://serebii.net/xy/pokemon/069.png', 0.40, 5.40),
(70, 'Boustiflor', 'Évolution de Chétiflor, Pokémon Plante et Poison', 'http://serebii.net/xy/pokemon/070.png', 0.70, 8.60),
(71, 'Empiflor', 'Forme finale de l\évolution de Chétiflor, Pokémon Plante et Poison', 'http://serebii.net/xy/pokemon/071.png', 1.70, 18.60),
(72, 'Tentacool', 'Pokémon Eau et Poison souvent trouvé en mer.', 'http://serebii.net/xy/pokemon/072.png', 0.90, 45.50),
(73, 'Tentacruel', 'Évolution de Tentacool. Tentacruel est plus grand et plus puissant, avec de longs tentacules venimeux.', 'http://serebii.net/xy/pokemon/073.png', 1.60, 55.00),
(74, 'Racaillou', 'Pokémon Roche et Sol qui se trouve souvent près des montagnes.', 'http://serebii.net/xy/pokemon/074.png', 0.40, 20.00),
(75, 'Gravalanch', 'Évolution de Racaillou. Gravalanch est plus massif et lourd, pouvant écraser ses ennemis.', 'http://serebii.net/xy/pokemon/075.png', 1.00, 105.00),
(76, 'Grolem', 'Forme finale de l\évolution de Racaillou. Grolem est un puissant Pokémon Roche et Sol.', 'http://serebii.net/xy/pokemon/076.png', 1.40, 300.00),
(77, 'Ponyta', 'Pokémon Feu souvent trouvé dans les prairies. Il évolue en Galopa.', 'http://serebii.net/xy/pokemon/077.png', 1.00, 30.00),
(78, 'Galopa', 'Évolution de Ponyta. Galopa est un cheval majestueux enflammé, rapide et puissant.', 'http://serebii.net/xy/pokemon/078.png', 1.70, 95.00),
(79, 'Ramoloss', 'Pokémon Eau et Psychique qui erre lentement. Il évolue en Flagadoss.', 'http://serebii.net/xy/pokemon/079.png', 0.80, 36.00),
(80, 'Flagadoss', 'Évolution de Ramoloss. Flagadoss est un Pokémon étrange mais puissant de type Eau et Psychique.', 'http://serebii.net/xy/pokemon/080.png', 1.20, 78.50),
(81, 'Magnéti', 'Pokémon Électrique composé de trois aimants.', 'http://serebii.net/xy/pokemon/081.png', 0.30, 6.00),
(82, 'Magnéton', 'Évolution de Magnéti. Magnéton est une entité électromagnétique plus puissante.', 'http://serebii.net/xy/pokemon/082.png', 1.00, 60.00),
(83, 'Canarticho', 'Pokémon Normal et Vol avec une longue tige sur sa tête.', 'http://serebii.net/xy/pokemon/083.png', 0.80, 15.00),
(84, 'Doduo', 'Pokémon Normal et Vol avec deux têtes. Il évolue en Dodrio.', 'http://serebii.net/xy/pokemon/084.png', 1.40, 39.20),
(85, 'Dodrio', 'Évolution de Doduo. Dodrio est un Pokémon rapide avec trois têtes agressives.', 'http://serebii.net/xy/pokemon/085.png', 1.80, 85.20),
(86, 'Otaria', 'Pokémon Eau qui habite les zones froides. Il évolue en Lamantine.', 'http://serebii.net/xy/pokemon/086.png', 1.00, 90.00),
(87, 'Lamantine', 'Évolution de Otaria. Lamantine est un Pokémon massif de type Eau et Glace.', 'http://serebii.net/xy/pokemon/087.png', 1.70, 120.00),
(88, 'Tadmorv', 'Pokémon Poison souvent trouvé dans les égouts. Il évolue en Grotadmorv.', 'http://serebii.net/xy/pokemon/088.png', 1.00, 30.00),
(89, 'Grotadmorv', 'Évolution de Tadmorv. Grotadmorv est un Pokémon toxique et corrompu de type Poison.', 'http://serebii.net/xy/pokemon/089.png', 1.20, 105.00),
(90, 'Kokiyas', 'Pokémon Eau qui ressemble à un coquillage. Il évolue en Crustabri.', 'http://serebii.net/xy/pokemon/090.png', 0.40, 4.00),
(91, 'Crustabri', 'Évolution de Kokiyas. Crustabri est un puissant Pokémon de type Eau et Glace avec une coquille robuste.', 'http://serebii.net/xy/pokemon/091.png', 1.00, 60.00),
(92, 'Fantominus', 'Pokémon Spectre et Poison souvent trouvé dans les endroits hantés.', 'http://serebii.net/xy/pokemon/092.png', 0.30, 0.10),
(93, 'Spectrum', 'Évolution de Fantominus. Spectrum est un Pokémon Spectre et Poison qui effraie les gens la nuit.', 'http://serebii.net/xy/pokemon/093.png', 1.60, 40.50),
(94, 'Ectoplasma', 'Forme finale de l\évolution de Fantominus. Ectoplasma est un Pokémon Spectre et Poison puissant et malicieux.', 'http://serebii.net/xy/pokemon/094.png', 1.50, 40.50),
(95, 'Onix', 'Pokémon Roche et Sol qui vit dans les cavernes.', 'http://serebii.net/xy/pokemon/095.png', 8.80, 210.00),
(96, 'Soporifik', 'Pokémon Psychique souvent trouvé endormi. Il évolue en Hypnomade.', 'http://serebii.net/xy/pokemon/096.png', 0.60, 32.40),
(97, 'Hypnomade', 'Évolution de Soporifik. Hypnomade utilise des pouvoirs psychiques pour plonger les gens dans un profond sommeil.', 'http://serebii.net/xy/pokemon/097.png', 1.60, 75.60),
(98, 'Krabby', 'Pokémon Eau souvent trouvé près des plages. Il évolue en Krabboss.', 'http://serebii.net/xy/pokemon/098.png', 0.40, 6.50),
(99, 'Krabboss', 'Évolution de Krabby. Krabboss est un Pokémon Eau puissant avec des pinces massives.', 'http://serebii.net/xy/pokemon/099.png', 1.30, 60.00),
(100, 'Voltorbe', 'Pokémon Électrique en forme de sphère souvent trouvé dans les centrales électriques.', 'http://serebii.net/xy/pokemon/100.png', 0.50, 10.40),
(101, 'Électrode', 'Évolution de Voltorbe. Électrode est un Pokémon Électrique qui explose soudainement en cas de danger.', 'http://serebii.net/xy/pokemon/101.png', 1.20, 66.60),
(102, 'Noeunoeuf', 'Pokémon qui se déplace en roulant. Il évolue en Noadkoko.', 'http://serebii.net/xy/pokemon/102.png', 0.50, 2.50),
(103, 'Noadkoko', 'Évolution de Noeunoeuf. Noadkoko est un Pokémon avec des noix de coco sur sa tête.', 'http://serebii.net/xy/pokemon/103.png', 1.60, 120.00),
(104, 'Osselait', 'Pokémon Sol qui porte le crâne de sa mère. Il évolue en Ossatueur.', 'http://serebii.net/xy/pokemon/104.png', 0.40, 6.50),
(105, 'Ossatueur', 'Évolution de Osselait. Ossatueur est un Pokémon Sol avec un grand os enflammé.', 'http://serebii.net/xy/pokemon/105.png', 1.00, 45.00),
(106, 'Kicklee', 'Un des Pokémon du duo Combat. Kicklee utilise ses pieds avec une grande agilité dans le combat.', 'http://serebii.net/xy/pokemon/106.png', 1.50, 52.00),
(107, 'Tygnon', 'Un des Pokémon du duo Combat. Tygnon est spécialisé dans les mouvements de combat gracieux.', 'http://serebii.net/xy/pokemon/107.png', 1.40, 49.80),
(108, 'Excelangue', 'Pokémon Normal avec une langue extrêmement longue.', 'http://serebii.net/xy/pokemon/108.png', 1.20, 65.50),
(109, 'Smogo', 'Pokémon Poison créé par la pollution. Il évolue en Smogogo.', 'http://serebii.net/xy/pokemon/109.png', 0.60, 1.00),
(110, 'Smogogo', 'Évolution de Smogo. Smogogo est un Pokémon Poison toxique avec une atmosphère viciée.', 'http://serebii.net/xy/pokemon/110.png', 1.20, 9.50),
(111, 'Rhinocorne', 'Pokémon Sol et Roche avec une corne acérée. Il évolue en Rhinoféros.', 'http://serebii.net/xy/pokemon/111.png', 1.00, 115.00),
(112, 'Rhinoféros', 'Évolution de Rhinocorne. Rhinoféros est un Pokémon puissant avec une corne robuste.', 'http://serebii.net/xy/pokemon/112.png', 1.90, 120.00),
(113, 'Leveinard', 'Pokémon Normal avec un grand cœur qui aime aider les autres.', 'http://serebii.net/xy/pokemon/113.png', 1.20, 34.60),
(114, 'Saquedeneu', 'Saquedeneu est un Pokémon de type Plante avec des plantes médicinales sur son corps.', 'http://serebii.net/xy/pokemon/114.png', 1.00, 35.00),
(115, 'Kangourex', 'Pokémon Normal avec une poche ventrale pour abriter son petit. Il ne possède pas d\évolution.', 'http://serebii.net/xy/pokemon/115.png', 2.20, 80.00),
(116, 'Hypotrempe', 'Pokémon Eau souvent trouvé dans les océans. Il évolue en Hypocéan.', 'http://serebii.net/xy/pokemon/116.png', 0.40, 8.00),
(117, 'Hypocéan', 'Évolution de Hypotrempe. Hypocéan est un Pokémon majestueux de type Eau.', 'http://serebii.net/xy/pokemon/117.png', 1.00, 25.00),
(118, 'Poissirène', 'Pokémon Eau avec une belle voix. Il évolue en Poissoroy.', 'http://serebii.net/xy/pokemon/118.png', 0.60, 7.00),
(119, 'Poissoroy', 'Évolution de Poissirène. Poissoroy est un Pokémon Eau qui charme les gens avec sa mélodie.', 'http://serebii.net/xy/pokemon/119.png', 1.30, 39.00),
(120, 'Stari', 'Pokémon Eau et Psy en forme d\étoile de mer. Il évolue en Staross.', 'http://serebii.net/xy/pokemon/120.png', 0.80, 34.50),
(121, 'Staross', 'Évolution de Stari. Staross est un Pokémon Eau et Psy avec des pouvoirs psychiques redoutables.', 'http://serebii.net/xy/pokemon/121.png', 1.10, 80.00),
(122, 'M. Mime', 'Pokémon Psy qui aime jouer des tours. Il ne possède pas d\évolution.', 'http://serebii.net/xy/pokemon/122.png', 1.30, 54.50),
(123, 'Insécateur', 'Insécateur est un Pokémon Insecte volant aux lames acérées.', 'http://serebii.net/xy/pokemon/123.png', 1.50, 56.00),
(124, 'Lippoutou', 'Lippoutou est un Pokémon de type Glace et Psy qui adore danser.', 'http://serebii.net/xy/pokemon/124.png', 1.40, 40.60),
(125, 'Élektek', 'Élektek est un Pokémon Électrique rapide et puissant.', 'http://serebii.net/xy/pokemon/125.png', 1.10, 66.60),
(126, 'Magmar', 'Magmar est un Pokémon de type Feu avec une flamme toujours allumée.', 'http://serebii.net/xy/pokemon/126.png', 1.30, 44.50),
(127, 'Scarabrute', 'Scarabrute est un Pokémon Insecte puissant avec des pinces massives.', 'http://serebii.net/xy/pokemon/127.png', 1.50, 56.00),
(128, 'Tauros', 'Pokémon Normal souvent trouvé en troupeaux. Il ne possède pas d\évolution.', 'http://serebii.net/xy/pokemon/128.png', 1.40, 88.40),
(129, 'Magicarpe', 'Pokémon Eau qui évolue en Léviator. Magicarpe est connu pour son manque de capacités offensives.', 'http://serebii.net/xy/pokemon/129.png', 0.90, 10.00),
(130, 'Léviator', 'Évolution de Magicarpe. Léviator est un Pokémon Eau et Vol massif et redoutable.', 'http://serebii.net/xy/pokemon/130.png', 6.50, 235.00),
(131, 'Lokhlass', 'Lokhlass est un Pokémon Eau et Glace qui nage gracieusement dans les mers froides.', 'http://serebii.net/xy/pokemon/131.png', 2.50, 220.00),
(132, 'Métamorph', 'Pokémon Normal qui peut prendre l\apparence de n\importe quel autre Pokémon. Il ne possède pas d\évolution.', 'http://serebii.net/xy/pokemon/132.png', 0.30, 4.00),
(133, 'Évoli', 'Pokémon Normal qui peut évoluer en différentes formes en fonction de ses conditions d\amitié.', 'http://serebii.net/xy/pokemon/133.png', 0.30, 6.50),
(134, 'Aquali', 'Évolution d\Évoli avec une Pierre Eau. Aquali est un Pokémon Eau avec une fourrure hydrofuge.', 'http://serebii.net/xy/pokemon/134.png', 1.00, 29.00),
(135, 'Voltali', 'Évolution d\Évoli avec une Pierre Foudre. Voltali est un Pokémon Électrique rapide et agile.', 'http://serebii.net/xy/pokemon/135.png', 0.80, 24.50),
(136, 'Pyroli', 'Évolution d\Évoli avec une Pierre Feu. Pyroli est un Pokémon de type Feu avec des flammes intenses.', 'http://serebii.net/xy/pokemon/136.png', 0.90, 25.00),
(137, 'Porygon', 'Pokémon Normal créé par programmation. Il ne possède pas d\évolution.', 'http://serebii.net/xy/pokemon/137.png', 0.80, 36.50),
(138, 'Amonita', 'Pokémon Roche et Eau ressemblant à une ammonite. Il évolue en Amonistar.', 'http://serebii.net/xy/pokemon/138.png', 0.40, 7.50),
(139, 'Amonistar', 'Évolution de Amonita. Amonistar est un Pokémon de type Roche et Eau avec une coquille robuste.', 'http://serebii.net/xy/pokemon/139.png', 1.00, 25.50),
(140, 'Kabuto', 'Pokémon Roche et Eau ressemblant à un kabutomushi. Il évolue en Kabutops.', 'http://serebii.net/xy/pokemon/140.png', 0.50, 11.50),
(141, 'Kabutops', 'Évolution de Kabuto. Kabutops est un Pokémon de type Roche et Eau avec des lames tranchantes.', 'http://serebii.net/xy/pokemon/141.png', 1.30, 40.50),
(142, 'Ptéra', 'Pokémon Roche et Vol ressemblant à un ptérodactyle. Il ne possède pas d\évolution.', 'http://serebii.net/xy/pokemon/142.png', 1.80, 59.00),
(143, 'Ronflex', 'Pokémon Normal extrêmement paresseux. Il ne possède pas d\évolution.', 'http://serebii.net/xy/pokemon/143.png', 2.00, 460.00),
(144, 'Artikodin', 'Un des Pokémon légendaires de la région de Kanto. Artikodin est de type Glace et Vol.', 'http://serebii.net/xy/pokemon/144.png', 1.70, 55.40),
(145, 'Électhor', 'Un des Pokémon légendaires de la région de Kanto. Électhor est de type Électrique et Vol.', 'http://serebii.net/xy/pokemon/145.png', 1.60, 52.60),
(146, 'Sulfura', 'Un des Pokémon légendaires de la région de Kanto. Sulfura est de type Feu et Vol.', 'http://serebii.net/xy/pokemon/146.png', 1.70, 60.00),
(147, 'Minidraco', 'Un dragon de type Dragon. Il évolue en Draco à partir du niveau 30.', 'http://serebii.net/xy/pokemon/147.png', 1.80, 8.00),
(148, 'Draco', 'Évolution de Minidraco. Draco est un dragon de type Dragon qui aspire à devenir Dracolosse.', 'http://serebii.net/xy/pokemon/148.png', 4.00, 65.00),
(149, 'Dracolosse', 'Forme finale de l\évolution de Minidraco. Dracolosse est un puissant dragon de type Dragon et Vol.', 'http://serebii.net/xy/pokemon/149.png', 2.20, 210.00),
(150, 'Mewtwo', 'Un Pokémon légendaire de type Psychique créé par manipulation génétique. Mewtwo est extrêmement puissant.', 'http://serebii.net/xy/pokemon/150.png', 2.00, 122.00),
(151, 'Mew', 'Un Pokémon légendaire rare de type Psychique. Mew est considéré comme l\ancêtre de tous les Pokémon, mystérieux et agile.', 'http://serebii.net/xy/pokemon/151.png', 0.40, 4.00);

-- --------------------------------------------------------

--
-- Structure de la table `espece_type`
--

DROP TABLE IF EXISTS `espece_type`;
CREATE TABLE IF NOT EXISTS `espece_type` (
  `Id_Espece` int NOT NULL,
  `Id_Type` int NOT NULL,
  PRIMARY KEY (`Id_Espece`,`Id_Type`),
  KEY `Id_Type` (`Id_Type`)
) ENGINE=InnoDB DEFAULT CHARSET=utf8mb4 COLLATE=utf8mb4_general_ci;

--
-- Déchargement des données de la table `espece_type`
--

INSERT INTO `espece_type` (`Id_Espece`, `Id_Type`) VALUES
(16, 1),
(17, 1),
(18, 1),
(19, 1),
(20, 1),
(21, 1),
(22, 1),
(35, 1),
(36, 1),
(39, 1),
(40, 1),
(52, 1),
(53, 1),
(83, 1),
(84, 1),
(85, 1),
(108, 1),
(113, 1),
(115, 1),
(128, 1),
(132, 1),
(133, 1),
(137, 1),
(143, 1),
(56, 2),
(57, 2),
(62, 2),
(66, 2),
(67, 2),
(68, 2),
(106, 2),
(107, 2),
(147, 3),
(148, 3),
(149, 3),
(7, 4),
(8, 4),
(9, 4),
(54, 4),
(55, 4),
(60, 4),
(61, 4),
(62, 4),
(72, 4),
(73, 4),
(79, 4),
(80, 4),
(86, 4),
(87, 4),
(90, 4),
(91, 4),
(98, 4),
(99, 4),
(116, 4),
(117, 4),
(118, 4),
(119, 4),
(120, 4),
(121, 4),
(129, 4),
(130, 4),
(131, 4),
(134, 4),
(138, 4),
(139, 4),
(140, 4),
(141, 4),
(25, 5),
(26, 5),
(81, 5),
(82, 5),
(100, 5),
(101, 5),
(125, 5),
(135, 5),
(145, 5),
(4, 6),
(5, 6),
(6, 6),
(37, 6),
(38, 6),
(58, 6),
(59, 6),
(77, 6),
(78, 6),
(126, 6),
(136, 6),
(146, 6),
(87, 7),
(91, 7),
(124, 7),
(131, 7),
(144, 7),
(10, 8),
(11, 8),
(12, 8),
(13, 8),
(14, 8),
(15, 8),
(46, 8),
(47, 8),
(48, 8),
(49, 8),
(123, 8),
(127, 8),
(1, 9),
(2, 9),
(3, 9),
(43, 9),
(44, 9),
(45, 9),
(46, 9),
(47, 9),
(69, 9),
(70, 9),
(71, 9),
(102, 9),
(103, 9),
(114, 9),
(1, 10),
(2, 10),
(3, 10),
(13, 10),
(14, 10),
(15, 10),
(23, 10),
(24, 10),
(29, 10),
(30, 10),
(31, 10),
(32, 10),
(33, 10),
(34, 10),
(41, 10),
(42, 10),
(43, 10),
(44, 10),
(45, 10),
(48, 10),
(49, 10),
(69, 10),
(70, 10),
(71, 10),
(72, 10),
(73, 10),
(88, 10),
(89, 10),
(92, 10),
(93, 10),
(94, 10),
(109, 10),
(110, 10),
(63, 11),
(64, 11),
(65, 11),
(79, 11),
(80, 11),
(96, 11),
(97, 11),
(102, 11),
(103, 11),
(121, 11),
(122, 11),
(124, 11),
(150, 11),
(151, 11),
(74, 12),
(75, 12),
(76, 12),
(95, 12),
(111, 12),
(112, 12),
(138, 12),
(139, 12),
(140, 12),
(141, 12),
(142, 12),
(27, 13),
(28, 13),
(31, 13),
(34, 13),
(50, 13),
(51, 13),
(74, 13),
(75, 13),
(76, 13),
(95, 13),
(104, 13),
(105, 13),
(111, 13),
(112, 13),
(92, 14),
(93, 14),
(94, 14),
(6, 15),
(12, 15),
(16, 15),
(17, 15),
(18, 15),
(21, 15),
(22, 15),
(41, 15),
(42, 15),
(83, 15),
(84, 15),
(85, 15),
(123, 15),
(130, 15),
(142, 15),
(144, 15),
(145, 15),
(146, 15),
(149, 15);

-- --------------------------------------------------------

--
-- Structure de la table `lieu`
--

DROP TABLE IF EXISTS `lieu`;
CREATE TABLE IF NOT EXISTS `lieu` (
  `Id_Lieu` int NOT NULL AUTO_INCREMENT,
  `nom_lieu` varchar(20) COLLATE utf8mb4_general_ci NOT NULL,
  PRIMARY KEY (`Id_Lieu`),
  UNIQUE KEY `nom_ville` (`nom_lieu`)
) ENGINE=InnoDB AUTO_INCREMENT=54 DEFAULT CHARSET=utf8mb4 COLLATE=utf8mb4_general_ci;

--
-- Déchargement des données de la table `lieu`
--

INSERT INTO `lieu` (`Id_Lieu`, `nom_lieu`) VALUES
(7, 'Argenta'),
(11, 'Azuria'),
(1, 'Bourg Palette'),
(19, 'Carmin sur Mer'),
(22, 'Cave Taupiqueur'),
(30, 'Céladopole'),
(50, 'Centrale'),
(44, 'Chenal 19'),
(45, 'Chenal 20'),
(49, 'Chenal 21'),
(47, 'Cramois\Île'),
(6, 'Forêt de Jade'),
(25, 'Grotte'),
(12, 'Grotte Inconnue'),
(46, 'Îles Écume'),
(3, 'Jadielle'),
(20, 'L\Océane'),
(26, 'Lavanville'),
(48, 'Manoir de Cramois\Îl'),
(9, 'Mont Sélénite'),
(39, 'Parc Safari'),
(38, 'Parmanie'),
(53, 'Plateau Indigo'),
(31, 'Repaire Rocket'),
(2, 'Route 1'),
(24, 'Route 10'),
(21, 'Route 11'),
(34, 'Route 12'),
(35, 'Route 13'),
(36, 'Route 14'),
(37, 'Route 15'),
(32, 'Route 16'),
(41, 'Route 17'),
(40, 'Route 18'),
(5, 'Route 2'),
(4, 'Route 22'),
(51, 'Route 23'),
(13, 'Route 24'),
(14, 'Route 25'),
(8, 'Route 3'),
(10, 'Route 4'),
(16, 'Route 5'),
(18, 'Route 6'),
(29, 'Route 7'),
(27, 'Route 8'),
(23, 'Route 9'),
(52, 'Route Victoire'),
(42, 'Safrania'),
(28, 'Souterrain Est-Ouest'),
(17, 'Souterrain Nord-Sud'),
(43, 'Sylphe SARL'),
(33, 'Tour Pokémon'),
(15, 'Villa de Léo');

-- --------------------------------------------------------

--
-- Structure de la table `pokemon`
--

DROP TABLE IF EXISTS `pokemon`;
CREATE TABLE IF NOT EXISTS `pokemon` (
  `Id_Pokemon` int NOT NULL AUTO_INCREMENT,
  `niveau_pokemon` tinyint NOT NULL,
  `Id_Espece` int DEFAULT NULL,
  `Id_Dresseur` int DEFAULT NULL,
  PRIMARY KEY (`Id_Pokemon`),
  KEY `Id_Espece` (`Id_Espece`),
  KEY `Id_Dresseur` (`Id_Dresseur`)
) ENGINE=InnoDB DEFAULT CHARSET=utf8mb4 COLLATE=utf8mb4_general_ci;

-- --------------------------------------------------------

--
-- Structure de la table `pokemon_attaque`
--

DROP TABLE IF EXISTS `pokemon_attaque`;
CREATE TABLE IF NOT EXISTS `pokemon_attaque` (
  `Id_Pokemon` int NOT NULL,
  `Id_Attaque` int NOT NULL,
  PRIMARY KEY (`Id_Pokemon`,`Id_Attaque`),
  KEY `Id_Attaque` (`Id_Attaque`)
) ENGINE=InnoDB DEFAULT CHARSET=utf8mb4 COLLATE=utf8mb4_general_ci;

-- --------------------------------------------------------

--
-- Structure de la table `type`
--

DROP TABLE IF EXISTS `type`;
CREATE TABLE IF NOT EXISTS `type` (
  `Id_Type` int NOT NULL AUTO_INCREMENT,
  `nom_type` varchar(20) COLLATE utf8mb4_general_ci NOT NULL,
  PRIMARY KEY (`Id_Type`),
  UNIQUE KEY `nom_type` (`nom_type`)
) ENGINE=InnoDB AUTO_INCREMENT=16 DEFAULT CHARSET=utf8mb4 COLLATE=utf8mb4_general_ci;

--
-- Déchargement des données de la table `type`
--

INSERT INTO `type` (`Id_Type`, `nom_type`) VALUES
(2, 'Combat'),
(3, 'Dragon'),
(4, 'Eau'),
(5, 'Électrik'),
(6, 'Feu'),
(7, 'Glace'),
(8, 'Insect'),
(1, 'Normal'),
(9, 'Plante'),
(10, 'Poison'),
(11, 'Psy'),
(12, 'Roche'),
(13, 'Sol'),
(14, 'Spectre'),
(15, 'Vol');

--
-- Contraintes pour les tables déchargées
--

--
-- Contraintes pour la table `attaque_type`
--
ALTER TABLE `attaque_type`
  ADD CONSTRAINT `attaque_type_ibfk_1` FOREIGN KEY (`Id_Type`) REFERENCES `type` (`Id_Type`),
  ADD CONSTRAINT `attaque_type_ibfk_2` FOREIGN KEY (`Id_Attaque`) REFERENCES `attaque` (`Id_Attaque`);

--
-- Contraintes pour la table `dresseur`
--
ALTER TABLE `dresseur`
  ADD CONSTRAINT `dresseur_ibfk_1` FOREIGN KEY (`Id_Lieu`) REFERENCES `lieu` (`Id_Lieu`);

--
-- Contraintes pour la table `espece_type`
--
ALTER TABLE `espece_type`
  ADD CONSTRAINT `espece_type_ibfk_1` FOREIGN KEY (`Id_Espece`) REFERENCES `espece` (`Id_Espece`),
  ADD CONSTRAINT `espece_type_ibfk_2` FOREIGN KEY (`Id_Type`) REFERENCES `type` (`Id_Type`);

--
-- Contraintes pour la table `pokemon`
--
ALTER TABLE `pokemon`
  ADD CONSTRAINT `pokemon_ibfk_1` FOREIGN KEY (`Id_Espece`) REFERENCES `espece` (`Id_Espece`),
  ADD CONSTRAINT `pokemon_ibfk_2` FOREIGN KEY (`Id_Dresseur`) REFERENCES `dresseur` (`Id_Dresseur`);

--
-- Contraintes pour la table `pokemon_attaque`
--
ALTER TABLE `pokemon_attaque`
  ADD CONSTRAINT `pokemon_attaque_ibfk_1` FOREIGN KEY (`Id_Pokemon`) REFERENCES `pokemon` (`Id_Pokemon`),
  ADD CONSTRAINT `pokemon_attaque_ibfk_2` FOREIGN KEY (`Id_Attaque`) REFERENCES `attaque` (`Id_Attaque`);
COMMIT;

/*!40101 SET CHARACTER_SET_CLIENT=@OLD_CHARACTER_SET_CLIENT */;
/*!40101 SET CHARACTER_SET_RESULTS=@OLD_CHARACTER_SET_RESULTS */;
/*!40101 SET COLLATION_CONNECTION=@OLD_COLLATION_CONNECTION */;
